"First Name","Last Name",Address,Suite/Apt,City,State,"Zip Code","Primary Number","Secondary Number",Email,Job,Attachments,"Submit Date"
demo2,sharma,"Ahinsha Tower","231- national street","lag vegas",Kansas,23232232,23323232323,42342432232,demo2@cisinlabs.com,," 
",08/01/2013
demo3,sharma,"hill tower","231- national street","lag vegas",Florida,23232232,23323232323,42342432232,demo3@cisinlabs.com,," 
 
",08/01/2013
dev,sharma,"Ahinsha Tower","219 lane",indore,"South Dakota",23232232,23323232323,42342432232,devdutt.s@cisinlabs.com,," 
 
7edbd361d7308b00f668ab847d61ef3f-1.docx 
",08/01/2013
neeru,sharma,"shivaji nagar",a-65,"lag vegas",Idaho,23232232,23323232323,42342432232,neeru123@gmail.com,," 
 
7edbd361d7308b00f668ab847d61ef3f-1.docx 
 
",08/01/2013
demo,test,"hill tower update","231- national street","lag vegas","New York",23232232,23323232323,42342432232,demo1@cisinlabs.com,," 
 
7edbd361d7308b00f668ab847d61ef3f-1.docx 
 
d6da15cdb9a042f9882699a39dbabc31-1.docx 
",08/01/2013
